baseline	k_per_guide	label	guides_with_label	median_guide_total_observed_label	mean_guide_recall	median_guide_recall	q25_guide_recall	q75_guide_recall	mean_topk_fraction	median_topk_fraction
guide_local_high_mismatch_first	10	BE_positive	11	105.0	0.0006919972223719	0.0	0.0	0.001164920642155	0.0363636363636363	0.0
guide_local_high_mismatch_first	10	CRISPRoffT_negative	19	26.0	0.0	0.0	0.0	0.0	0.0	0.0
guide_local_high_mismatch_first	10	CRISPRoffT_positive	16	1.5	0.0	0.0	0.0	0.0	0.0	0.0
guide_local_high_mismatch_first	10	TOPO_positive	6	2361.5	0.0010472935590949	0.0009161175265859	0.0008528446332191	0.0011441680647412	0.3333333333333333	0.3
guide_local_high_mismatch_first	10	all_positive	33	30.0	0.0004210827515351	0.0	0.0	0.00070323488045	0.0727272727272727	0.0
guide_local_high_mismatch_first	10	any_assay_labeled	84	718.5	0.0002621746462581	0.0	0.0	0.0002022180480853	0.0547619047619047	0.0
guide_local_high_mismatch_first	50	BE_positive	11	105.0	0.00224225265592	0.0	0.0	0.0043782202485274	0.0254545454545454	0.0
guide_local_high_mismatch_first	50	CRISPRoffT_negative	19	26.0	0.0026999316473	0.0	0.0	0.0	0.0021052631578947	0.0
guide_local_high_mismatch_first	50	CRISPRoffT_positive	16	1.5	0.0	0.0	0.0	0.0	0.0	0.0
guide_local_high_mismatch_first	50	TOPO_positive	6	2361.5	0.0040642166855631	0.0038144429894757	0.0036634804782336	0.0044553769942969	0.3	0.22
guide_local_high_mismatch_first	50	all_positive	33	30.0	0.0014863660402575	0.0	0.0	0.002536997885835	0.063030303030303	0.0
guide_local_high_mismatch_first	50	any_assay_labeled	84	718.5	0.0017084692397644	0.0003885801085034	0.0	0.0020185113589335	0.0547619047619047	0.02
guide_local_high_mismatch_first	100	BE_positive	11	105.0	0.0085232842617903	0.0063965884861407	0.0	0.0152777857714289	0.0245454545454545	0.01
guide_local_high_mismatch_first	100	CRISPRoffT_negative	19	26.0	0.0026999316473	0.0	0.0	0.0	0.0010526315789473	0.0
guide_local_high_mismatch_first	100	CRISPRoffT_positive	16	1.5	0.0	0.0	0.0	0.0	0.0	0.0
guide_local_high_mismatch_first	100	TOPO_positive	6	2361.5	0.00742200913573	0.0076422231922013	0.0052950630635627	0.0087027212381853	0.2933333333333333	0.205
guide_local_high_mismatch_first	100	all_positive	33	30.0	0.0041905509604265	0.0	0.0	0.0067049808429118	0.0615151515151515	0.0
guide_local_high_mismatch_first	100	any_assay_labeled	84	718.5	0.0036445003441182	0.0019669746351579	0.0	0.0052409412845367	0.0546428571428571	0.02
guide_local_high_mismatch_first	500	BE_positive	11	105.0	0.0297504336669812	0.0336448598130841	0.0129285129285129	0.0495513129366417	0.0194545454545454	0.006
guide_local_high_mismatch_first	500	CRISPRoffT_negative	19	26.0	0.0042698086154606	0.0	0.0	0.0	0.0004210526315789	0.0
guide_local_high_mismatch_first	500	CRISPRoffT_positive	16	1.5	0.0	0.0	0.0	0.0	0.0	0.0
guide_local_high_mismatch_first	500	TOPO_positive	6	2361.5	0.0383674965751665	0.040845215577865	0.0293600094772909	0.0430764158674056	0.301	0.2249999999999999
guide_local_high_mismatch_first	500	all_positive	33	30.0	0.0168927196905391	0.0	0.0	0.0341151385927505	0.0612121212121212	0.0
guide_local_high_mismatch_first	500	any_assay_labeled	84	718.5	0.0185593647745514	0.0131237717041149	0.0	0.0259504629292119	0.0529047619047619	0.02
guide_local_high_mismatch_first	1000	BE_positive	11	105.0	0.0644743853055938	0.054054054054054	0.0337662337662337	0.0943326346314478	0.021	0.008
guide_local_high_mismatch_first	1000	CRISPRoffT_negative	19	26.0	0.0159942293710276	0.0	0.0	0.0304147465437788	0.0006842105263157	0.0
guide_local_high_mismatch_first	1000	CRISPRoffT_positive	16	1.5	0.01265664160401	0.0	0.0	0.0	0.0001875	0.0
guide_local_high_mismatch_first	1000	TOPO_positive	6	2361.5	0.0754330106271344	0.0806907463989524	0.0570923246093655	0.086886565405763	0.2975	0.213
guide_local_high_mismatch_first	1000	all_positive	33	30.0	0.041343108114803	0.0285714285714285	0.0	0.0761494252873563	0.0611818181818181	0.001
guide_local_high_mismatch_first	1000	any_assay_labeled	84	718.5	0.036663755640753	0.0280369924409659	0.0	0.050986002770285	0.0539166666666666	0.0225
guide_local_low_mismatch_first	10	BE_positive	11	105.0	0.1134336423255378	0.0191897654584221	0.012535657436447	0.0405844155844155	0.4	0.2
guide_local_low_mismatch_first	10	CRISPRoffT_negative	19	26.0	0.044210279240616	0.0454545454545454	0.0	0.0798941798941798	0.1789473684210526	0.1
guide_local_low_mismatch_first	10	CRISPRoffT_positive	16	1.5	0.5547932330827068	0.5	0.2642857142857143	1.0	0.1625	0.1
guide_local_low_mismatch_first	10	TOPO_positive	6	2361.5	0.0036003224837784	0.0038111453609412	0.0019007412957957	0.004186957093972	0.8333333333333334	0.9
guide_local_low_mismatch_first	10	all_positive	33	30.0	0.307456476660815	0.0454545454545454	0.0068259385665529	0.5	0.3636363636363636	0.2
guide_local_low_mismatch_first	10	any_assay_labeled	84	718.5	0.0348319872769556	0.0057744204219848	0.0015486174176495	0.0181547619047619	0.5333333333333333	0.7
guide_local_low_mismatch_first	50	BE_positive	11	105.0	0.1442495167125473	0.0429906542056074	0.0303769199216079	0.0900974025974025	0.2290909090909091	0.14
guide_local_low_mismatch_first	50	CRISPRoffT_negative	19	26.0	0.154599583741563	0.1590909090909091	0.0	0.2225274725274725	0.0968421052631579	0.06
guide_local_low_mismatch_first	50	CRISPRoffT_positive	16	1.5	0.6164317042606516	0.6190476190476191	0.3583333333333333	1.0	0.05	0.02
guide_local_low_mismatch_first	50	TOPO_positive	6	2361.5	0.0139440477825477	0.0148192380040418	0.0084203944032716	0.0162295569973998	0.68	0.66
guide_local_low_mismatch_first	50	all_positive	33	30.0	0.3494944314758707	0.0909090909090909	0.0204778156996587	0.6666666666666666	0.2242424242424242	0.1
guide_local_low_mismatch_first	50	any_assay_labeled	84	718.5	0.0659594949489393	0.0262921297551278	0.0075863574996714	0.0444745368997834	0.4266666666666667	0.5
guide_local_low_mismatch_first	100	BE_positive	11	105.0	0.1824649975645479	0.0909090909090909	0.0648665849264877	0.1346525096525096	0.2027272727272727	0.11
guide_local_low_mismatch_first	100	CRISPRoffT_negative	19	26.0	0.2835978291349823	0.25	0.0947802197802197	0.3857142857142857	0.0731578947368421	0.05
guide_local_low_mismatch_first	100	CRISPRoffT_positive	16	1.5	0.6990444862155388	0.7142857142857143	0.4916666666666667	1.0	0.03	0.01
guide_local_low_mismatch_first	100	TOPO_positive	6	2361.5	0.0292958982705665	0.0297172501535491	0.0172616014885978	0.0319617080994386	0.6916666666666668	0.665
guide_local_low_mismatch_first	100	all_positive	33	30.0	0.4050788527964257	0.2597402597402597	0.0615199034981905	0.7142857142857143	0.2078787878787878	0.06
guide_local_low_mismatch_first	100	any_assay_labeled	84	718.5	0.107948868167153	0.0487067541551325	0.0161438364122226	0.0971364221364221	0.3797619047619047	0.44
guide_local_low_mismatch_first	500	BE_positive	11	105.0	0.2593158082083162	0.1818181818181818	0.1651741293532338	0.2376930501930502	0.1009090909090908	0.044
guide_local_low_mismatch_first	500	CRISPRoffT_negative	19	26.0	0.4829502059165699	0.5205479452054794	0.3206168831168831	0.7032967032967032	0.0261052631578947	0.026
guide_local_low_mismatch_first	500	CRISPRoffT_positive	16	1.5	0.843374060150376	1.0	0.7166666666666666	1.0	0.00975	0.002
guide_local_low_mismatch_first	500	TOPO_positive	6	2361.5	0.1007631506219656	0.1179514673600479	0.076316337908477	0.1260721927383918	0.5706666666666667	0.604
guide_local_low_mismatch_first	500	all_positive	33	30.0	0.5136678108008875	0.5	0.1619047619047619	1.0	0.1421212121212121	0.018
guide_local_low_mismatch_first	500	any_assay_labeled	84	718.5	0.2471985218086066	0.1610710753143987	0.0982720026464209	0.3280275435357517	0.2580714285714285	0.243
guide_local_low_mismatch_first	1000	BE_positive	11	105.0	0.3597207620124588	0.3136593591905565	0.2384506041222459	0.3871753246753247	0.078090909090909	0.028
guide_local_low_mismatch_first	1000	CRISPRoffT_negative	19	26.0	0.600320843677286	0.6153846153846154	0.4805718475073314	0.8444444444444444	0.0150526315789473	0.016
guide_local_low_mismatch_first	1000	CRISPRoffT_positive	16	1.5	0.8887687969924812	1.0	0.7657894736842106	1.0	0.005125	0.001
guide_local_low_mismatch_first	1000	TOPO_positive	6	2361.5	0.1823646229263007	0.2071966755866136	0.1454492912268241	0.2110352267307972	0.5358333333333333	0.544
guide_local_low_mismatch_first	1000	all_positive	33	30.0	0.5839823294416531	0.5	0.2388059701492537	1.0	0.1259393939393939	0.016
guide_local_low_mismatch_first	1000	any_assay_labeled	84	718.5	0.325559071376073	0.2477946985673316	0.1664245055129033	0.414717106354737	0.2084761904761904	0.172
