baseline	k	label	seeds	observed_label_rows_mean	observed_label_rows_sd	observed_label_rows_min	observed_label_rows_q05	observed_label_rows_median	observed_label_rows_q95	observed_label_rows_max	recall_mean	recall_sd	fraction_mean	fraction_sd
high_mismatch_random_ties	100	BE_positive	30	0.1333333333333333	0.3457459036417604	0	0.0	0.0	1.0	1	3.5631569570639586e-05	9.239601914531276e-05	0.0013333333333333	0.0034574590364176
high_mismatch_random_ties	100	CRISPRoffT_negative	30	0.0	0.0	0	0.0	0.0	0.0	0	0.0	0.0	0.0	0.0
high_mismatch_random_ties	100	CRISPRoffT_positive	30	0.0	0.0	0	0.0	0.0	0.0	0	0.0	0.0	0.0	0.0
high_mismatch_random_ties	100	TOPO_positive	30	0.8666666666666667	0.8603661343041528	0	0.0	1.0	2.0	3	4.010117835770251e-05	3.980964900537445e-05	0.0086666666666666	0.0086036613430415
high_mismatch_random_ties	100	all_positive	30	1.0	0.9097176522946842	0	0.0	1.0	2.549999999999997	3	3.928192638566996e-05	3.573546184918427e-05	0.01	0.0090971765229468
high_mismatch_random_ties	100	any_assay_labeled	30	6.166666666666667	2.692048743388873	2	3.0	6.0	10.0	15	3.92708777784146e-05	1.7143640622998763e-05	0.0616666666666666	0.0269204874338887
high_mismatch_random_ties	500	BE_positive	30	0.7333333333333333	0.784915252764901	0	0.0	1.0	2.0	3	0.0001959736326385	0.0002097582182696	0.0014666666666666	0.0015698305055298
high_mismatch_random_ties	500	CRISPRoffT_negative	30	0.0	0.0	0	0.0	0.0	0.0	0	0.0	0.0	0.0	0.0
high_mismatch_random_ties	500	CRISPRoffT_positive	30	0.0	0.0	0	0.0	0.0	0.0	0	0.0	0.0	0.0	0.0
high_mismatch_random_ties	500	TOPO_positive	30	5.266666666666667	2.448551061107482	1	1.4500000000000002	5.0	8.0	12	0.0002436917761737	0.0001132959032531	0.0105333333333333	0.0048971021222149
high_mismatch_random_ties	500	all_positive	30	6.0	2.47748482023256	2	2.0	6.0	9.549999999999995	12	0.000235691558314	9.732037632999016e-05	0.012	0.0049549696404651
high_mismatch_random_ties	500	any_assay_labeled	30	31.266666666666666	6.658845987485929	17	20.45	31.0	41.55	45	0.0001991139640873	4.240519895997511e-05	0.0625333333333333	0.0133176919749718
high_mismatch_random_ties	1000	BE_positive	30	1.6	1.2205143065174588	0	0.0	1.5	4.0	4	0.0004275788348476	0.0003261663031847	0.0016	0.0012205143065174
high_mismatch_random_ties	1000	CRISPRoffT_negative	30	0.0333333333333333	0.1825741858350553	0	0.0	0.0	0.0	1	6.68002672010688e-05	0.0003658801319339	3.3333333333333335e-05	0.000182574185835
high_mismatch_random_ties	1000	CRISPRoffT_positive	30	0.0	0.0	0	0.0	0.0	0.0	0	0.0	0.0	0.0	0.0
high_mismatch_random_ties	1000	TOPO_positive	30	10.666666666666666	3.0998702234607904	5	6.0	11.0	15.0	16	0.0004935529644024	0.0001434328254423	0.0106666666666666	0.0030998702234607
high_mismatch_random_ties	1000	all_positive	30	12.266666666666667	3.4233814029238783	5	7.0	13.0	17.0	18	0.0004818582969975	0.0001344770162597	0.0122666666666666	0.0034233814029238
high_mismatch_random_ties	1000	any_assay_labeled	30	62.63333333333333	7.976185819668762	49	50.0	61.5	76.29999999999998	79	0.0003988647532196	5.079434893980579e-05	0.0626333333333333	0.0079761858196687
high_mismatch_random_ties	5000	BE_positive	30	8.066666666666666	2.8276142415206813	3	4.45	8.0	12.0	15	0.0021557099590236	0.0007556425017425	0.0016133333333333	0.0005655228483041
high_mismatch_random_ties	5000	CRISPRoffT_negative	30	0.5333333333333333	0.8995528902176073	0	0.0	0.0	2.0	4	0.0010688042752171	0.0018027112028408	0.0001066666666666	0.0001799105780435
high_mismatch_random_ties	5000	CRISPRoffT_positive	30	0.0666666666666666	0.2537081317024625	0	0.0	0.0	0.5499999999999972	1	0.0006472491909385	0.0024631857446841	1.3333333333333332e-05	5.0741626340492486e-05
high_mismatch_random_ties	5000	TOPO_positive	30	51.5	7.366045118627442	37	38.45	52.0	60.55	62	0.0023829354062557	0.0003408312566457	0.0103	0.0014732090237254
high_mismatch_random_ties	5000	all_positive	30	59.63333333333333	8.71970947528261	42	43.9	61.5	69.55	72	0.0023425122101321	0.0003425269857124	0.0119266666666666	0.0017439418950565
high_mismatch_random_ties	5000	any_assay_labeled	30	301.26666666666665	15.436037845503488	265	277.35	301.0	326.04999999999995	336	0.0019185415857368	9.830055496439184e-05	0.0602533333333333	0.0030872075691006
high_mismatch_random_ties	10000	BE_positive	30	15.966666666666669	3.178411372144065	11	12.0	15.0	21.0	24	0.004266880456084	0.0008493883944799	0.0015966666666666	0.0003178411372144
high_mismatch_random_ties	10000	CRISPRoffT_negative	30	0.9333333333333332	1.0806553992619583	0	0.0	1.0	3.0999999999999943	4	0.0018704074816299	0.0021656420826892	9.333333333333332e-05	0.0001080655399261
high_mismatch_random_ties	10000	CRISPRoffT_positive	30	0.1	0.3051285766293646	0	0.0	0.0	1.0	1	0.0009708737864077	0.0029624133653336	1e-05	3.0512857662936468e-05
high_mismatch_random_ties	10000	TOPO_positive	30	100.6	8.692446185605936	80	91.0	102.5	115.0	117	0.004654821395521	0.0004022046171389	0.01006	0.0008692446185605
high_mismatch_random_ties	10000	all_positive	30	116.66666666666669	9.488044503781964	92	105.0	117.0	130.55	131	0.0045828914116614	0.0003727086657415	0.0116666666666666	0.0009488044503781
high_mismatch_random_ties	10000	any_assay_labeled	30	597.7333333333333	19.09311725299935	544	571.35	598.5	626.1	630	0.0038065155693109	0.0001215897525488	0.0597733333333333	0.0019093117252999
high_mismatch_random_ties	50000	BE_positive	30	76.3	8.5102372429348	59	63.9	76.0	88.19999999999999	98	0.0203901656867985	0.002274248327882	0.001526	0.0001702047448586
high_mismatch_random_ties	50000	CRISPRoffT_negative	30	4.033333333333333	2.059181848467364	0	2.0	4.0	7.649999999999991	9	0.0080828323313293	0.0041266169307963	8.066666666666667e-05	4.1183636969347285e-05
high_mismatch_random_ties	50000	CRISPRoffT_positive	30	0.3333333333333333	0.4794633014853841	0	0.0	0.0	1.0	1	0.0032362459546925	0.0046549835095668	6.666666666666667e-06	9.589266029707683e-06
high_mismatch_random_ties	50000	TOPO_positive	30	507.03333333333336	20.727265623566566	457	472.85	508.0	536.65	538	0.0234607316922697	0.0009590628180439	0.0101406666666666	0.0004145453124713
high_mismatch_random_ties	50000	all_positive	30	583.6666666666666	20.21152510639502	538	545.8	586.5	614.1	615	0.0229275510337693	0.0007939476413715	0.0116733333333333	0.0004042305021279
high_mismatch_random_ties	50000	any_assay_labeled	30	2987.4666666666667	45.06832616137977	2920	2920.9	2984.5	3059.4	3124	0.0190249359460142	0.0002870063883829	0.0597493333333333	0.0009013665232275
high_mismatch_random_ties	100000	BE_positive	30	153.7	9.58500984835714	136	138.0	156.0	166.1	173	0.0410742918225547	0.0025614670893525	0.001537	9.585009848357144e-05
high_mismatch_random_ties	100000	CRISPRoffT_negative	30	9.7	2.6800669060099334	5	6.0	9.5	14.0	14	0.019438877755511	0.0053708755631461	9.7e-05	2.6800669060099326e-05
high_mismatch_random_ties	100000	CRISPRoffT_positive	30	0.7	0.7022132498578064	0	0.0	1.0	2.0	2	0.0067961165048543	0.0068176043675515	7e-06	7.022132498578064e-06
high_mismatch_random_ties	100000	TOPO_positive	30	1009.8666666666668	33.34432002846839	907	954.95	1011.5	1052.65	1056	0.0467271269048059	0.0015428613746283	0.0100986666666666	0.0003334432002846
high_mismatch_random_ties	100000	all_positive	30	1164.2666666666669	36.021002813333254	1065	1101.65	1172.0	1213.3	1229	0.0457346374932893	0.0014149743808513	0.0116426666666666	0.0003602100281333
high_mismatch_random_ties	100000	any_assay_labeled	30	5962.3	68.08015053267522	5803	5857.3	5962.5	6041.25	6154	0.0379694196613364	0.0004335514493034	0.059623	0.0006808015053267
low_mismatch_random_ties	100	BE_positive	30	3.633333333333333	1.3256965204630415	1	1.4500000000000002	4.0	6.0	6	0.0009709602707999	0.0003542748584882	0.0363333333333333	0.0132569652046304
low_mismatch_random_ties	100	CRISPRoffT_negative	30	0.3	0.466091599699399	0	0.0	0.0	1.0	1	0.0006012024048096	0.0009340513020028	0.003	0.0046609159969939
low_mismatch_random_ties	100	CRISPRoffT_positive	30	4.233333333333333	1.7749858344909906	0	2.0	4.0	7.549999999999997	8	0.0411003236245954	0.0172328721795241	0.0423333333333333	0.0177498583449099
low_mismatch_random_ties	100	TOPO_positive	30	2.4	1.2205143065174586	0	1.0	2.0	4.0	5	0.0001110494169905	5.6473917569751e-05	0.024	0.0122051430651745
low_mismatch_random_ties	100	all_positive	30	10.266666666666667	2.303420744552932	7	7.45	10.0	14.0	16	0.0004032944442262	9.048280412275332e-05	0.1026666666666666	0.0230342074455293
low_mismatch_random_ties	100	any_assay_labeled	30	22.8	3.595015706646423	17	18.45	22.0	29.55	31	0.0001451961102726	2.289396039359878e-05	0.228	0.0359501570664642
low_mismatch_random_ties	500	BE_positive	30	10.0	0.0	10	10.0	10.0	10.0	10	0.0026723677177979	0.0	0.02	0.0
low_mismatch_random_ties	500	CRISPRoffT_negative	30	1.0	0.0	1	1.0	1.0	1.0	1	0.002004008016032	0.0	0.002	0.0
low_mismatch_random_ties	500	CRISPRoffT_positive	30	13.0	0.0	13	13.0	13.0	13.0	13	0.1262135922330097	0.0	0.026	0.0
low_mismatch_random_ties	500	TOPO_positive	30	6.0	0.0	6	6.0	6.0	6.0	6	0.0002776235424764	0.0	0.012	0.0
low_mismatch_random_ties	500	all_positive	30	29.0	0.0	29	29.0	29.0	29.0	29	0.0011391758651844	0.0	0.058	0.0
low_mismatch_random_ties	500	any_assay_labeled	30	70.03333333333333	1.0333518722845667	68	68.0	70.0	71.0	72	0.0004459898065537	6.580643526256731e-06	0.1400666666666666	0.0020667037445691
low_mismatch_random_ties	1000	BE_positive	30	15.233333333333333	0.8583598366625752	13	14.0	15.0	16.0	16	0.0040709068234455	0.0002293853117751	0.0152333333333333	0.0008583598366625
low_mismatch_random_ties	1000	CRISPRoffT_negative	30	2.533333333333333	0.6288102248298564	1	1.4500000000000002	3.0	3.0	3	0.0050768203072812	0.0012601407311219	0.0025333333333333	0.0006288102248298
low_mismatch_random_ties	1000	CRISPRoffT_positive	30	18.166666666666668	0.791477593876918	16	17.0	18.0	19.0	19	0.1763754045307443	0.0076842484842419	0.0181666666666666	0.0007914775938769
low_mismatch_random_ties	1000	TOPO_positive	30	7.733333333333333	0.4497764451088037	7	7.0	8.0	8.0	8	0.0003578258991918	2.0811421668924845e-05	0.0077333333333333	0.0004497764451088
low_mismatch_random_ties	1000	all_positive	30	41.13333333333333	1.195778013458712	38	39.45	41.0	43.0	43	0.0016157965719972	4.69724638982878e-05	0.0411333333333333	0.0011957780134587
low_mismatch_random_ties	1000	any_assay_labeled	30	202.2333333333333	3.3700847562587803	194	197.0	202.5	207.0	208	0.0012878725161169	2.146154376744922e-05	0.2022333333333333	0.0033700847562587
low_mismatch_random_ties	5000	BE_positive	30	76.8	0.9247553264475442	76	76.0	77.0	78.55	79	0.0205237840726884	0.000247128628126	0.01536	0.0001849510652895
low_mismatch_random_ties	5000	CRISPRoffT_negative	30	55.2	0.4842341981115022	55	55.0	55.0	56.0	57	0.1106212424849699	0.0009704092146523	0.01104	9.684683962230093e-05
low_mismatch_random_ties	5000	CRISPRoffT_positive	30	40.1	0.3051285766293651	40	40.0	40.0	41.0	41	0.3893203883495146	0.0029624133653336	0.00802	6.102571532587311e-05
low_mismatch_random_ties	5000	TOPO_positive	30	74.8	1.095445115010332	73	73.0	75.0	76.55	77	0.0034610401628724	5.068689223627288e-05	0.01496	0.000219089023002
low_mismatch_random_ties	5000	all_positive	30	191.7	1.55696433197247	189	189.0	192.0	194.0	195	0.0075303452881329	6.116055827365645e-05	0.03834	0.0003113928663944
low_mismatch_random_ties	5000	any_assay_labeled	30	2080.9333333333334	3.894588051637058	2073	2074.0	2082.0	2086.55	2087	0.0132519046375722	2.480171211455884e-05	0.4161866666666666	0.0007789176103274
low_mismatch_random_ties	10000	BE_positive	30	112.33333333333331	5.074162634049248	101	104.35	113.0	119.55	122	0.0300195973632638	0.0013560028418089	0.0112333333333333	0.0005074162634049
low_mismatch_random_ties	10000	CRISPRoffT_negative	30	73.3	4.594974766355986	66	66.45	73.0	81.0	84	0.1468937875751503	0.0092083662652424	0.00733	0.0004594974766355
low_mismatch_random_ties	10000	CRISPRoffT_positive	30	44.6	1.8864306744895687	41	42.0	44.5	47.55	48	0.4330097087378641	0.0183148609173744	0.00446	0.0001886430674489
low_mismatch_random_ties	10000	TOPO_positive	30	164.53333333333333	8.985556737623856	150	150.45	165.0	177.84999999999997	188	0.0076130544759084	0.0004157670154369	0.0164533333333333	0.0008985556737623
low_mismatch_random_ties	10000	all_positive	30	321.46666666666664	12.311288157295085	301	304.0	320.0	339.55	348	0.0126278299354467	0.0004836111151076	0.0321466666666666	0.0012311288157295
low_mismatch_random_ties	10000	any_assay_labeled	30	3601.4666666666667	24.598476730709653	3562	3565.7	3599.5	3638.45	3678	0.0229350417226542	0.0001566492605232	0.3601466666666666	0.0024598476730709
low_mismatch_random_ties	50000	BE_positive	30	368.3	3.544300913511317	364	364.0	367.5	375.0	378	0.0984233030464992	0.0009471675343429	0.007366	7.088601827022619e-05
low_mismatch_random_ties	50000	CRISPRoffT_negative	30	213.36666666666667	1.2994251602637368	212	212.0	213.0	216.0	216	0.4275885103540414	0.0026040584374022	0.0042673333333333	2.598850320527467e-05
low_mismatch_random_ties	50000	CRISPRoffT_positive	30	78.2	0.4842341981115053	78	78.0	78.0	79.0	80	0.7592233009708738	0.0047013028942864	0.0015639999999999	9.684683962230078e-06
low_mismatch_random_ties	50000	TOPO_positive	30	875.9333333333333	6.269429569461384	862	866.45	875.0	886.55	890	0.0405299524955271	0.00029009020773	0.0175186666666666	0.0001253885913892
low_mismatch_random_ties	50000	all_positive	30	1322.4333333333334	7.623391105933284	1304	1309.9	1321.0	1333.65	1336	0.0519477288499561	0.0002994614882324	0.0264486666666666	0.0001524678221186
low_mismatch_random_ties	50000	any_assay_labeled	30	15372.1	18.14567489076639	15337	15347.35	15371.0	15402.15	15421	0.0978933827509568	0.0001155562022987	0.307442	0.0003629134978153
low_mismatch_random_ties	100000	BE_positive	30	526.6666666666666	11.238276138924192	502	510.35	528.0	540.55	555	0.1407446998040263	0.003003280635736	0.0052666666666666	0.0001123827613892
low_mismatch_random_ties	100000	CRISPRoffT_negative	30	238.96666666666667	4.506572467219272	232	233.0	238.0	246.55	247	0.4788911155644622	0.0090312073491368	0.0023896666666666	4.506572467219269e-05
low_mismatch_random_ties	100000	CRISPRoffT_positive	30	80.7	1.643167672515496	78	78.45	80.0	84.0	84	0.7834951456310679	0.0159530841991796	0.000807	1.6431676725154967e-05
low_mismatch_random_ties	100000	TOPO_positive	30	1654.9333333333334	22.0155639825844	1603	1618.95	1660.5	1688.0	1692	0.0765747424270467	0.0010186731437434	0.0165493333333333	0.0002201556398258
low_mismatch_random_ties	100000	all_positive	30	2262.3	25.03259943519189	2208	2222.05	2263.5	2294.4	2323	0.0888675020623011	0.0009833287282551	0.022623	0.0002503259943519
low_mismatch_random_ties	100000	any_assay_labeled	30	23390.9	67.76752858880494	23237	23293.65	23407.0	23485.35	23535	0.148959109463857	0.0004315605944685	0.233909	0.000677675285888
